openntp,jp,2014,1693453000
openntp,jp,2015,777503600
openntp,us,2014,136716300
openntp,cn,2014,106477700
opendns,us,2015,99744900
openntp,us,2015,95319900
opendns,us,2016,79118000
opendns,cn,2015,78318500
openntp,kr,2014,71841600
openntp,cn,2015,60492700
openssdp,cn,2016,54874300
opendns,cn,2016,53692800
opendns,in,2015,48708000
openntp,us,2016,44902300
opendns,in,2016,41988700
openntp,ru,2014,35056600
opendns,mx,2015,31845900
opendns,ir,2016,30394000
opendns,tr,2015,29895500
openntp,kr,2015,28323000
openntp,ru,2015,27347600
opendns,vn,2015,26567900
openntp,cn,2016,24688100
opendns,id,2015,24413600
opendns,ir,2015,23977700
opendns,br,2015,21860500
opendns,tr,2016,21714400
opendns,ru,2015,20811800
openntp,de,2014,20589600
openssdp,ar,2016,19883600
opendns,co,2015,19302400
openssdp,us,2016,19243300
opendns,id,2016,19128900
opendns,br,2016,19043700
openssdp,tr,2016,19008500
opendns,kr,2015,18805100
opendns,mx,2016,17159800
opendns,eg,2015,16522900
opendns,ru,2016,16497700
opendns,tw,2015,16052300
openntp,gb,2014,15786800
openntp,de,2015,15428800
openssdp,ru,2016,15202600
openssdp,ve,2016,14907300
openntp,jp,2016,14736800
opendns,vn,2016,14376800
openntp,fr,2014,14150800
opendns,pl,2015,13841400
openntp,ru,2016,13759000
opendns,dz,2015,13602500
openssdp,br,2016,13265700
opendns,my,2016,13251800
opendns,my,2015,13242900
opendns,de,2015,13209300
opendns,kr,2016,13102100
openntp,br,2015,12896200
openntp,gb,2015,12658700
opendns,dz,2016,12533600
openntp,kr,2016,12454500
openntp,fr,2015,12371100
opendns,eg,2016,12217300
opendns,gb,2015,11744900
opendns,de,2016,10956900
openssdp,co,2016,10842400
opendns,jp,2015,10756500
opendns,co,2016,10748200
openntp,in,2014,10671100
opendns,pl,2016,10638600
openntp,br,2014,10501100
opendns,tw,2016,10445700
opendns,us,2014,10358300
openssdp,kr,2016,10144000
opendns,it,2015,10043900
openntp,br,2016,9965500
openssdp,vn,2016,9735100
opendns,fr,2015,9596900
opendns,ar,2015,9216500
opendns,cn,2014,8974600
opendns,gb,2016,8949200
openssdp,gr,2016,8869100
openntp,in,2015,8766300
openssdp,my,2016,8636400
opendns,ua,2016,8581600
opendns,jp,2016,8510600
opendns,fr,2016,8344500
openntp,ca,2014,8297100
openntp,au,2014,8168700
openssdp,uy,2016,7973700
openssdp,jp,2016,7372700
openssdp,tn,2016,7344900
opendns,ua,2015,7340900
openntp,ar,2015,7261400
openntp,au,2015,7070500
opendns,nl,2015,6910700
opendns,ca,2015,6894500
openssdp,es,2016,6865500
openntp,de,2016,6740900
opendns,it,2016,6695300
openntp,ca,2015,6546900
opendns,th,2015,6439200
openssdp,ca,2016,6375300
opendns,ph,2015,6334100
opendns,kz,2015,6295000
opendns,bg,2015,6156400
openntp,mx,2015,6078200
openntp,gb,2016,5862200
opendns,ar,2016,5785900
opendns,nl,2016,5722300
openntp,hk,2014,5699800
openssdp,ua,2016,5625400
opendns,ca,2016,5568700
opendns,rs,2015,5371700
openntp,nl,2014,5273000
openntp,mx,2014,5224000
openntp,it,2014,5204800
opendns,bg,2016,5204600
openntp,pl,2014,5161200
openntp,ua,2014,5103000
openntp,th,2014,4929900
opendns,kz,2016,4921900
openntp,my,2015,4918800
opendns,ro,2015,4882300
openntp,in,2016,4870600
openntp,fr,2016,4865300
opendns,au,2015,4852200
openntp,it,2015,4795700
opendns,ph,2016,4774000
openntp,se,2014,4702600
openntp,ar,2016,4695900
openntp,th,2015,4522800
opendns,vn,2014,4433100
openssdp,in,2016,4412400
opendns,tw,2014,4394400
openssdp,bg,2016,4317900
openntp,my,2014,4264800
openssdp,tw,2016,4260300
openntp,hk,2015,4211100
opendns,ro,2016,4182100
opendns,mx,2014,4152000
opendns,rs,2016,4119900
openntp,mx,2016,4063600
spam,kr,2015,4057500
openntp,ar,2014,4049100
openntp,ro,2014,4016600
opendns,gr,2015,3901000
opendns,au,2016,3857500
opendns,hk,2015,3825100
opendns,tr,2014,3715100
opendns,es,2015,3651100
opendns,th,2014,3627800
opendns,in,2014,3544900
openntp,tw,2014,3527200
openntp,xy,2015,3510700
openssdp,pa,2016,3510500
openntp,es,2014,3481400
opendns,az,2015,3475300
openssdp,ir,2016,3458800
openssdp,it,2016,3446700
openntp,pl,2015,3440700
opendns,sy,2015,3430200
openntp,se,2015,3298800
openntp,ro,2015,3279500
openntp,tr,2014,3266100
openntp,tr,2015,3259600
openssdp,th,2016,3258900
openntp,es,2015,3254900
opendns,gr,2016,3224800
opendns,ar,2014,3216100
opendns,th,2016,3180900
opendns,co,2014,3180400
opendns,es,2016,3177300
spam,hu,2015,3145200
spam,kr,2014,3090100
openntp,ca,2016,3071700
openntp,fi,2014,3035800
opendns,ps,2015,3006700
opendns,cz,2015,2994800
opendns,kr,2014,2972700
opendns,ma,2016,2970700
opendns,it,2014,2952700
opendns,se,2015,2939900
openntp,vn,2015,2937800
spam,hu,2016,2904500
opendns,do,2015,2889400
openntp,au,2016,2885800
opendns,gb,2014,2872000
openntp,nl,2015,2849600
opendns,ba,2015,2831200
opendns,ec,2015,2818200
opendns,hk,2016,2774500
openntp,no,2014,2618100
openntp,xy,2014,2584200
openntp,it,2016,2570200
opendns,md,2015,2569100
openssdp,hu,2016,2555800
openntp,ua,2015,2531900
opendns,id,2014,2515900
openntp,ch,2015,2497100
openntp,ch,2014,2466600
opendns,ru,2014,2437700
openntp,dk,2014,2435000
openntp,th,2016,2422100
openntp,cz,2014,2407200
opendns,sk,2015,2399800
opendns,az,2016,2308300
opendns,cz,2016,2305900
opendns,ps,2016,2301400
openntp,my,2016,2297000
openntp,vn,2016,2262800
openntp,id,2014,2258900
spam,us,2015,2257500
openssdp,sg,2016,2230500
openntp,co,2014,2217400
opendns,do,2016,2208800
opendns,ma,2015,2153800
opendns,ba,2016,2104100
openntp,vn,2014,2095800
openntp,sg,2014,2080400
opendns,eg,2014,2077500
openntp,xy,2016,2075300
opendns,se,2016,2066900
opendns,sa,2015,2059400
opendns,ir,2014,2055600
openntp,co,2015,2049100
opendns,ae,2015,2034500
openntp,za,2014,2029700
openntp,hk,2016,1991000
opendns,pl,2014,1986300
openntp,dk,2015,1977500
opendns,br,2014,1968400
openntp,pl,2016,1949900
openntp,kz,2014,1930100
openntp,tw,2015,1910500
opendns,md,2016,1905500
openntp,cz,2015,1904600
opendns,sy,2016,1898800
opendns,sk,2016,1880300
spam,cn,2015,1876700
openntp,il,2014,1863600
openntp,id,2015,1856900
openntp,hu,2014,1829900
openntp,bg,2014,1821600
openssdp,ec,2016,1799500
openssdp,dz,2016,1785800
opendns,tn,2015,1775000
openntp,ro,2016,1759100
openssdp,eg,2016,1739600
openntp,ph,2014,1723300
openntp,es,2016,1708800
openssdp,mx,2016,1704800
openntp,kz,2015,1694600
openntp,se,2016,1658800
opendns,ch,2015,1640700
openssdp,pk,2016,1628100
opendns,za,2015,1613600
openssdp,nl,2016,1604400
opendns,am,2015,1597300
spam,mx,2016,1573300
openntp,ph,2015,1568200
openntp,at,2014,1564400
opendns,hu,2015,1555500
openntp,hu,2015,1551300
opendns,hr,2015,1520200
opendns,es,2014,1515900
opendns,tn,2016,1514200
openssdp,mu,2016,1501800
opendns,uy,2015,1498100
openntp,nl,2016,1490800
spam,kr,2016,1462500
openssdp,ba,2016,1461100
openssdp,au,2016,1440800
openntp,tr,2016,1430300
openntp,za,2015,1427600
openntp,ua,2016,1422900
opendns,uy,2016,1412100
openntp,sg,2015,1410500
spam,ru,2015,1389400
opendns,sg,2015,1386000
opendns,jp,2014,1384300
openssdp,pl,2016,1373100
opendns,za,2016,1352400
opendns,de,2014,1278000
openntp,no,2015,1243500
openntp,ae,2014,1235000
opendns,hr,2016,1229700
openntp,be,2014,1194800
openntp,ae,2015,1194200
openntp,id,2016,1192000
openntp,il,2015,1177600
opendns,dz,2014,1177300
openssdp,ae,2016,1153900
opendns,lk,2015,1142000
openntp,be,2015,1141000
opendns,np,2015,1140500
opendns,sg,2016,1138900
openssdp,cy,2016,1137200
opendns,ch,2016,1135800
openntp,ch,2016,1132000
openssdp,bo,2016,1126100
opendns,by,2014,1118400
openntp,co,2016,1114300
openssdp,ph,2016,1109400
opendns,hu,2016,1102400
openntp,cl,2015,1102200
openntp,ec,2015,1069000
opendns,sa,2016,1045600
openntp,tw,2016,1041000
openntp,at,2015,1027300
openntp,cl,2014,1025400
opendns,kz,2014,1009300
openntp,bg,2015,1005000
openntp,kz,2016,993500
opendns,fr,2014,992200
opendns,am,2016,992100
openssdp,cl,2016,980800
openssdp,gb,2016,974600
opendns,bz,2015,971600
openssdp,de,2016,968400
opendns,lb,2015,965600
spam,us,2016,958100
opendns,pt,2015,949000
openssdp,cr,2016,939100
opendns,pk,2016,939000
openntp,ie,2014,934200
openntp,sk,2014,903100
opendns,hn,2015,902000
opendns,np,2016,901700
openssdp,se,2016,900000
openntp,ir,2015,891900
opendns,py,2015,890900
opendns,bo,2015,886800
openntp,nz,2014,882500
opendns,cz,2014,878700
openntp,ec,2014,876900
openntp,fi,2015,876900
opendns,ro,2014,876300
openntp,cz,2016,872400
openntp,hu,2016,862000
openssdp,xy,2016,850300
openssdp,hk,2016,844300
opendns,no,2015,834500
openntp,dk,2016,831300
openntp,ir,2014,831000
opendns,cl,2015,826300
openntp,ph,2016,815200
openntp,pk,2014,807400
openntp,pk,2015,797100
openntp,sa,2015,786700
opendns,pk,2015,754000
opendns,gt,2015,750900
openntp,sk,2015,744300
openntp,pt,2014,742600
spam,br,2015,738000
openntp,rs,2015,737500
openssdp,do,2016,736400
openntp,ke,2015,733400
openntp,,2014,732400
openntp,no,2016,730600
opendns,il,2015,727200
opendns,lb,2016,723600
openntp,lv,2014,722000
openntp,cr,2014,719100
openntp,py,2015,716900
openntp,pt,2015,716300
openssdp,kz,2016,710200
openntp,nz,2015,707900
openntp,gr,2015,707300
opendns,bo,2016,707000
openntp,gr,2014,701300
openssdp,no,2016,699700
openssdp,il,2016,697500
openntp,cl,2016,691500
openntp,bg,2016,689300
opendns,bg,2014,675100
opendns,pt,2016,673900
openntp,za,2016,673300
openntp,cr,2015,672200
opendns,au,2014,663700
opendns,be,2015,657500
opendns,ec,2016,655700
openntp,ke,2014,654800
openssdp,am,2016,651000
openntp,rs,2014,647600
openssdp,fr,2016,646200
openntp,md,2014,642900
openntp,lt,2014,630800
opendns,ua,2014,626400
opendns,at,2015,624200
opendns,pe,2014,622900
opendns,cl,2016,622800
opendns,ve,2016,618500
opendns,il,2016,614800
spam,in,2016,610800
openntp,si,2014,606400
opendns,cl,2014,605300
opendns,nl,2014,604600
openntp,kw,2014,603600
spam,vn,2016,601600
openntp,si,2015,597500
openssdp,me,2016,596500
opendns,ca,2014,590200
openntp,ir,2016,587600
opendns,ph,2014,582200
openntp,bd,2014,581100
openntp,ie,2015,581000
openntp,sg,2016,581000
openntp,bh,2014,579600
opendns,by,2015,579200
opendns,pe,2015,576100
opendns,sv,2015,575400
opendns,gt,2016,575300
openntp,py,2014,571300
openssdp,tt,2016,568600
spam,vn,2014,567900
opendns,ie,2015,566700
openntp,cy,2014,566600
openntp,ec,2016,566600
opendns,bd,2015,566200
opendns,nz,2015,562200
openntp,be,2016,561300
opendns,ly,2015,560900
spam,ua,2015,554600
opendns,rs,2014,551700
openntp,,2015,546200
openntp,md,2015,544000
opendns,dk,2015,539100
opendns,pa,2015,536700
opendns,no,2016,530300
spam,id,2015,524500
opendns,lt,2015,521800
openntp,pt,2016,519800
openntp,pe,2015,516800
opendns,ge,2015,514900
opendns,ae,2016,514600
opendns,kw,2015,512700
openntp,ae,2016,512600
openntp,pk,2016,511000
openntp,ma,2015,510600
openntp,pe,2014,505800
opendns,ve,2015,503600
spam,vn,2015,501700
opendns,az,2014,484600
opendns,lt,2016,484100
openntp,hr,2014,480200
opendns,jo,2015,479000
opendns,nz,2016,475200
openntp,at,2016,474200
openntp,ve,2014,472100
opendns,ni,2015,470900
openntp,ke,2016,470500
opendns,ec,2014,467300
openntp,ve,2015,465100
opendns,at,2016,464200
opendns,lv,2015,463600
opendns,sk,2014,452300
opendns,pe,2016,450000
openntp,pa,2015,449600
openntp,pa,2014,449400
openntp,il,2016,444800
openntp,bd,2015,441600
openntp,fi,2016,439900
openntp,sa,2014,433700
opendns,by,2016,433700
opendns,fi,2015,428900
opendns,be,2016,427100
openntp,cy,2015,426800
openssdp,by,2016,422300
spam,br,2016,420300
opendns,ie,2016,417200
openssdp,nz,2016,412500
spam,in,2015,412400
opendns,cr,2015,411200
openntp,gr,2016,410800
spam,hk,2015,410100
opendns,my,2014,404200
openntp,kw,2015,403000
opendns,ba,2014,401900
openntp,py,2016,401400
openntp,rs,2016,395600
openssdp,dk,2016,392100
opendns,gr,2014,391400
openntp,gt,2014,390900
opendns,hk,2014,389900
opendns,lk,2016,388800
openntp,kh,2015,385600
opendns,bd,2016,382600
openssdp,ro,2016,379200
opendns,kh,2015,374400
opendns,fi,2016,368200
openntp,lt,2015,365900
opendns,ge,2016,364200
openntp,uy,2015,361600
openntp,mo,2015,360900
openntp,hr,2015,360800
openntp,sk,2016,350000
openssdp,ie,2016,349000
opendns,do,2014,349000
openntp,eg,2014,347500
openntp,pr,2014,345200
opendns,dk,2016,341900
openntp,si,2016,333300
spam,us,2014,333100
opendns,ly,2016,332100
openntp,eg,2015,331700
openntp,pe,2016,328800
opendns,kw,2016,328600
opendns,lv,2016,327100
opendns,se,2014,325700
spam,tw,2015,325300
openntp,ma,2014,323300
openntp,md,2016,319300
openntp,nz,2016,318800
opendns,,2015,318200
opendns,pa,2016,317800
openntp,qa,2015,316900
openntp,pr,2015,315700
spam,de,2015,315600
openssdp,lb,2016,315300
opendns,xy,2016,314100
openntp,uy,2014,308700
openntp,uy,2016,308500
spam,kr,2013,307400
spam,cn,2016,306100
opendns,sv,2016,305300
openssdp,pe,2016,301000
openntp,ge,2014,299400
openntp,is,2014,299300
openntp,ba,2015,299100
openntp,by,2015,296800
openntp,mk,2014,296400
openntp,kh,2014,295700
opendns,ee,2015,295700
openssdp,lt,2016,293500
opendns,md,2014,292700
opendns,mk,2015,292400
openntp,mk,2015,291900
openntp,hn,2015,290900
opendns,jo,2016,285700
openssdp,za,2016,284400
openssdp,ch,2016,282400
openntp,bd,2016,280500
opendns,,2016,280200
opendns,sg,2014,279200
openntp,is,2015,276300
opendns,sy,2014,275800
openntp,ma,2016,273400
spam,ru,2016,273300
openntp,ps,2015,273300
openntp,sv,2014,268900
openntp,,2016,268000
openntp,ng,2014,267500
opendns,xy,2015,264800
openntp,lk,2014,264500
openntp,hn,2014,263200
openntp,ge,2016,260400
opendns,am,2014,259900
opendns,ps,2014,259400
opendns,hu,2014,257700
openntp,sa,2016,257100
opendns,sa,2014,256800
openntp,ng,2015,256300
openntp,gt,2015,256300
openntp,do,2015,255800
openntp,lk,2015,251200
openssdp,cw,2016,251200
openntp,ie,2016,248400
openntp,ve,2016,248000
opendns,uz,2015,247400
spam,gb,2015,245800
opendns,ye,2016,244800
openntp,pa,2016,244800
spam,ru,2014,244600
opendns,al,2015,244000
openntp,qa,2014,242200
openntp,by,2014,241200
openntp,bo,2014,240200
opendns,sn,2015,239600
openssdp,md,2016,233700
openntp,sv,2015,233500
openntp,lv,2015,231400
openntp,az,2014,230900
opendns,mu,2015,230700
openssdp,hr,2016,228900
openntp,ba,2014,228300
opendns,ye,2015,228100
openntp,kh,2016,225700
spam,jp,2014,224900
opendns,ee,2016,222400
openssdp,id,2016,220900
spam,ir,2016,220300
openssdp,be,2016,219800
openntp,eg,2016,219700
opendns,uy,2014,215300
openntp,az,2015,214500
openntp,bo,2015,214200
spam,sg,2015,212100
openntp,mo,2014,211200
openntp,lu,2015,210100
openssdp,cz,2016,208600
opendns,ni,2016,208200
opendns,mk,2016,208000
openntp,jo,2014,205100
opendns,ch,2014,204800
spam,cn,2014,203800
openntp,ni,2015,201600
openntp,kw,2016,201300
spam,in,2013,201200
opendns,sv,2014,200800
openntp,pr,2016,198300
openntp,qa,2016,197500
openntp,ge,2015,196900
openntp,mo,2016,196400
opendns,sn,2016,194600
spam,ar,2014,193900
openntp,la,2015,193500
openntp,lu,2014,192300
opendns,al,2016,190800
openntp,cy,2016,190700
spam,pe,2013,189800
opendns,lk,2014,189800
opendns,om,2015,187700
opendns,gu,2015,186100
spam,pl,2015,183000
opendns,hr,2014,182700
openntp,by,2016,182400
openntp,tn,2014,179500
spam,br,2014,178700
opendns,tt,2015,178100
openntp,mn,2015,177600
opendns,tn,2014,176700
spam,fr,2015,176500
openssdp,at,2016,176100
opendns,si,2015,175100
openntp,hr,2016,174900
spam,ca,2015,174900
spam,co,2015,172800
openssdp,sk,2016,172400
openntp,ee,2014,171800
openntp,is,2016,170200
opendns,mz,2015,168500
openssdp,rs,2016,165700
openntp,jm,2015,165600
openntp,mk,2016,165400
openntp,ni,2014,164900
openntp,lb,2014,164500
spam,ir,2015,163700
spam,it,2015,163500
openntp,jo,2015,163300
opendns,ae,2014,159700
opendns,za,2014,159200
openntp,mn,2016,159100
openntp,tt,2014,158900
spam,es,2015,158600
opendns,uz,2016,158200
opendns,cr,2016,158000
openntp,lb,2015,157400
openssdp,lv,2016,156200
spam,tw,2013,155200
openssdp,ma,2016,155200
spam,ir,2013,153000
spam,tr,2016,152500
openssdp,fi,2016,152400
opendns,gh,2015,151300
openntp,ba,2016,151000
openntp,bh,2015,150800
openntp,tn,2015,150100
spam,xy,2014,148900
openntp,ng,2016,148200
opendns,vg,2016,147300
openntp,jm,2014,147100
openntp,cr,2016,146900
opendns,vg,2015,146800
openntp,hn,2016,146100
spam,by,2013,145500
openntp,ni,2016,145200
openntp,ps,2016,144500
spam,id,2016,144100
opendns,iq,2015,143900
opendns,si,2016,142700
openntp,kg,2014,141400
opendns,dk,2014,141300
openntp,mt,2015,140700
openntp,tz,2014,139800
openntp,bm,2015,139300
openssdp,sr,2016,139100
opendns,iq,2016,139100
spam,nl,2015,138600
openntp,al,2015,138100
spam,bg,2015,138100
openntp,dz,2015,138000
openntp,tt,2015,136900
opendns,af,2016,136200
opendns,mz,2016,136100
openntp,bm,2014,135800
opendns,cy,2015,135300
openntp,lt,2016,134800
openntp,az,2016,134500
opendns,af,2015,134500
openssdp,az,2016,134300
spam,vn,2013,134300
spam,ar,2015,134000
openntp,zw,2014,133800
openntp,ps,2014,133400
opendns,mu,2016,133300
opendns,lu,2015,133100
openntp,tz,2015,132900
opendns,pr,2015,132300
opendns,gt,2014,132000
spam,fr,2016,130600
opendns,om,2016,129700
openntp,la,2014,128400
spam,jp,2015,128300
openntp,uz,2014,126500
spam,bd,2015,126500
openntp,mu,2015,126300
opendns,np,2014,126300
opendns,hn,2016,125200
openntp,do,2014,124800
opendns,tt,2016,123300
openntp,zw,2015,122100
spam,in,2014,121200
spam,ru,2013,120500
openntp,gt,2016,120500
openntp,bo,2016,120500
opendns,at,2014,119900
spam,pe,2014,119600
openntp,mu,2016,119000
spam,tw,2014,118800
spam,ua,2014,117800
openntp,sv,2016,117500
openntp,uz,2015,117200
spam,tr,2015,117200
opendns,et,2015,116400
opendns,fj,2015,115600
openntp,sd,2014,115200
opendns,pt,2014,114700
openntp,mt,2014,114700
openntp,do,2016,114400
openntp,ug,2014,113200
opendns,cy,2016,111800
openntp,rw,2015,111300
opendns,pk,2014,111100
spam,kz,2014,111000
spam,mx,2015,110900
openntp,bb,2014,110600
opendns,bb,2016,110600
opendns,gh,2016,109900
openssdp,sv,2016,109500
opendns,mv,2015,108700
opendns,ma,2014,108200
opendns,bz,2016,108100
opendns,ke,2015,108000
opendns,no,2014,107900
opendns,nz,2014,107500
openntp,al,2014,107200
openntp,ee,2015,107100
openntp,dz,2014,106600
opendns,lu,2016,106200
opendns,sd,2015,104800
openntp,gh,2014,104600
opendns,pa,2014,103900
spam,pe,2016,103600
opendns,mo,2015,103300
opendns,py,2014,103100
spam,jp,2013,103000
openntp,am,2014,102700
opendns,il,2014,102200
spam,th,2015,100500
openntp,mn,2014,100400
openssdp,jm,2016,100300
opendns,bh,2015,100100
opendns,ao,2015,99800
opendns,ao,2016,99800
openssdp,jo,2016,99200
opendns,cr,2014,98000
openntp,jo,2016,97900
openntp,lv,2016,97400
openntp,iq,2015,97200
openntp,sd,2015,95300
openntp,cw,2015,95100
openntp,ht,2014,95100
openntp,rw,2014,94100
spam,ro,2015,94000
spam,es,2014,94000
opendns,mr,2015,93700
spam,bo,2015,92600
opendns,fi,2014,92400
openntp,kg,2015,92000
openntp,al,2016,91500
opendns,is,2015,91400
opendns,pr,2016,91100
openssdp,sy,2016,91100
spam,hk,2016,90500
openssdp,pt,2016,90100
openntp,mu,2014,89100
openssdp,vc,2016,89100
opendns,be,2014,87700
openntp,bb,2015,87700
openntp,cw,2014,87600
openssdp,sa,2016,86800
opendns,ng,2015,86800
openntp,tn,2016,86600
spam,co,2016,86500
openntp,om,2014,86400
openntp,lk,2016,84200
spam,rs,2015,83800
opendns,kh,2016,83500
spam,us,2013,83300
openntp,dz,2016,82900
opendns,ke,2016,82800
spam,co,2014,82700
spam,ua,2013,82700
openntp,gh,2015,81300
openntp,zm,2014,81200
openssdp,ps,2016,81100
openntp,me,2014,80800
spam,ar,2016,80600
openssdp,al,2016,80500
openntp,me,2015,80500
opendns,sd,2016,79300
opendns,jo,2014,79200
opendns,mv,2016,78800
spam,pk,2016,78400
spam,it,2014,77600
openntp,bh,2016,77400
opendns,mr,2016,76600
spam,de,2016,76600
opendns,tz,2015,76300
openntp,jm,2016,76200
opendns,gu,2016,76100
openntp,ee,2016,75500
opendns,bd,2014,75400
openntp,ao,2015,74900
openntp,am,2015,74800
opendns,la,2015,74500
openntp,bm,2016,74200
spam,ua,2016,74100
openntp,zm,2015,73800
openntp,iq,2014,73500
openntp,fj,2015,73400
openssdp,mk,2016,73300
openssdp,iq,2016,73200
spam,mx,2014,72600
opendns,vc,2015,72600
spam,ve,2015,72500
spam,kz,2013,71500
openssdp,vi,2016,71000
spam,de,2014,70900
opendns,fj,2016,70600
openntp,lu,2016,70500
openntp,bz,2015,70300
openntp,aw,2015,70100
opendns,tz,2016,69400
spam,tw,2016,68500
openntp,tz,2016,68400
openntp,np,2014,68300
opendns,ye,2014,68200
opendns,is,2016,67600
openntp,ht,2015,67500
openntp,fj,2014,67400
opendns,ng,2016,67200
opendns,cm,2015,66900
openntp,mt,2016,66400
openntp,ao,2014,66300
opendns,vc,2016,66200
openssdp,bd,2016,66000
opendns,mo,2016,66000
opendns,kg,2014,65300
openntp,ug,2015,65100
openntp,lb,2016,64900
openntp,tt,2016,64900
spam,fr,2014,64300
spam,nl,2014,64100
spam,ir,2014,63700
opendns,ie,2014,63600
opendns,bo,2014,63000
openntp,rw,2016,62800
openssdp,ao,2016,62400
openssdp,uz,2016,62400
opendns,bh,2016,62200
openntp,kg,2016,61600
spam,pl,2014,61100
openntp,pg,2015,60300
spam,it,2016,59900
opendns,bf,2015,59200
openntp,pg,2014,59100
opendns,lv,2014,58400
openssdp,kg,2016,58300
opendns,bb,2015,58100
spam,eg,2015,57800
openntp,uz,2016,57600
opendns,bf,2016,56800
openntp,sd,2016,56800
opendns,ci,2015,56300
spam,jp,2016,56200
openntp,cm,2014,55800
openntp,mz,2014,55800
spam,za,2015,55600
openntp,np,2015,55500
openntp,cw,2016,55500
spam,by,2014,55000
openntp,zw,2016,55000
spam,kz,2015,54700
spam,ar,2013,54400
openntp,sn,2015,54100
spam,cl,2014,54000
openntp,gh,2016,53900
spam,pt,2014,53600
spam,id,2013,53100
spam,tr,2014,52500
spam,ph,2013,52400
opendns,zw,2015,52200
spam,se,2015,52200
spam,xy,2015,51400
openssdp,kw,2016,51200
spam,gb,2016,51200
opendns,mt,2015,51100
spam,es,2016,51000
openntp,na,2014,50900
opendns,lb,2014,50700
opendns,kg,2015,50600
openntp,gu,2014,50400
openntp,cm,2015,50200
spam,ph,2015,50100
opendns,kg,2016,50000
spam,ro,2014,49800
openntp,mz,2015,49700
opendns,bz,2014,49700
spam,pr,2016,49600
opendns,ly,2014,48400
spam,cl,2015,48300
openssdp,bh,2016,48300
openntp,me,2016,48300
openntp,bn,2014,47600
openntp,bz,2014,47600
spam,al,2015,47500
openssdp,ly,2016,47400
spam,be,2015,47300
opendns,mk,2014,47200
openntp,am,2016,46900
opendns,ni,2014,46500
spam,cz,2015,46000
opendns,ci,2016,45700
opendns,me,2015,45400
spam,il,2014,45300
spam,pl,2016,45000
opendns,cu,2015,45000
openntp,iq,2016,45000
opendns,al,2014,45000
opendns,kh,2014,44500
spam,co,2013,44100
openssdp,ee,2016,44000
spam,id,2014,43800
openssdp,si,2016,43800
opendns,ga,2015,43700
opendns,la,2016,43300
openntp,vi,2015,42900
opendns,qa,2015,42600
openntp,aw,2014,42600
opendns,gu,2014,42500
spam,my,2015,42400
openssdp,gt,2016,42200
openntp,ao,2016,42100
openntp,af,2015,41700
opendns,ug,2015,41400
openntp,fj,2016,41300
spam,th,2014,41100
opendns,mn,2015,41000
spam,gb,2014,40900
spam,tn,2016,40700
openntp,tl,2015,40700
opendns,cu,2016,40500
spam,im,2015,40400
spam,sa,2016,40300
spam,sa,2015,40300
spam,bd,2016,40200
openntp,af,2014,40200
openntp,ky,2014,40100
spam,ng,2015,39900
openntp,ky,2015,39800
opendns,mt,2016,39800
openntp,om,2015,39600
openntp,vg,2014,39600
openntp,li,2014,39600
opendns,gh,2014,39300
openntp,zm,2016,39200
openntp,ci,2014,39100
openntp,vi,2014,39000
opendns,gy,2015,38800
spam,ch,2015,38800
openntp,la,2016,38500
spam,ph,2016,38500
opendns,gi,2015,38400
spam,br,2013,38400
opendns,mu,2014,38200
spam,iq,2015,38100
openntp,bn,2015,38100
openssdp,ni,2016,38000
openntp,aw,2016,38000
opendns,lt,2014,37800
openntp,je,2014,37700
spam,zm,2015,37600
opendns,me,2016,37600
openssdp,mo,2016,37200
openntp,na,2015,37000
openntp,ax,2015,36900
opendns,bs,2015,36800
openssdp,ke,2016,36600
spam,ie,2015,36300
openntp,gi,2014,36200
opendns,ve,2014,36000
openntp,li,2015,36000
spam,dk,2015,35900
openntp,ht,2016,35900
spam,cn,2013,35700
openntp,bs,2014,35700
opendns,ee,2014,35600
opendns,cm,2016,35500
spam,ro,2016,35400
openntp,je,2015,35100
spam,nl,2013,34900
openntp,ax,2014,34700
openssdp,ky,2016,34600
openntp,fo,2015,34600
opendns,om,2014,34400
spam,bg,2016,34200
openntp,mg,2015,34200
spam,th,2013,34100
spam,at,2015,33700
openssdp,bq,2016,33700
opendns,kw,2014,33600
opendns,jm,2015,33600
openntp,bz,2016,33400
spam,au,2015,33300
spam,pk,2015,33200
opendns,bn,2015,33200
openssdp,mv,2016,33200
opendns,tg,2015,33100
openntp,om,2016,33100
openntp,mg,2014,33000
opendns,fo,2015,32900
spam,th,2016,32800
openssdp,pr,2016,32800
openntp,pg,2016,32700
openssdp,hn,2016,32600
spam,hk,2014,32400
opendns,hn,2014,32400
opendns,kn,2015,32400
spam,mx,2013,32200
opendns,zw,2016,32200
opendns,mn,2016,32200
spam,ae,2016,32100
openntp,ag,2015,31700
opendns,pr,2014,31600
openntp,bw,2015,31600
spam,il,2015,31600
openntp,bb,2016,31600
opendns,bw,2015,31500
spam,bg,2014,31500
opendns,py,2016,31500
openntp,sn,2014,31400
opendns,ga,2016,31100
openntp,ly,2014,30900
spam,pt,2015,30700
openssdp,np,2016,30500
openntp,bs,2015,30500
spam,ec,2015,30400
openntp,mm,2015,29900
spam,bo,2016,29800
spam,pe,2015,29800
spam,cl,2016,29700
opendns,tg,2016,29600
opendns,sm,2015,29500
openssdp,mg,2016,29400
spam,sa,2014,29300
openntp,nc,2014,29200
openntp,bs,2016,29200
opendns,jm,2016,29100
opendns,zm,2015,29000
openssdp,kn,2016,29000
openntp,sy,2014,28800
openssdp,nc,2016,28800
opendns,tj,2015,28600
spam,ro,2013,28200
opendns,ge,2014,28000
openntp,mz,2016,28000
opendns,kn,2016,27900
opendns,qa,2016,27900
openntp,tj,2014,27800
spam,ca,2016,27800
openntp,fo,2014,27400
openntp,np,2016,27400
openssdp,ad,2016,27400
openntp,ag,2014,27400
spam,ec,2016,27000
openntp,tl,2016,26900
spam,ve,2016,26800
openntp,re,2015,26700
openssdp,sd,2016,26700
openntp,mh,2015,26700
spam,al,2016,26600
spam,rs,2016,26600
opendns,,2014,26500
openntp,vu,2015,26300
spam,es,2013,26200
spam,cl,2013,26200
openssdp,kh,2016,25900
opendns,nc,2014,25900
opendns,bs,2016,25600
openssdp,lk,2016,25500
openntp,ml,2014,25400
openntp,sc,2014,25200
openntp,mh,2014,25200
opendns,cw,2014,25100
openntp,bw,2014,25100
openssdp,om,2016,25100
opendns,ag,2015,25000
openntp,tl,2014,25000
opendns,re,2015,24900
openntp,bt,2014,24900
openntp,ly,2015,24800
spam,it,2013,24600
spam,za,2016,24500
openntp,cm,2016,24300
opendns,xk,2015,24200
spam,nl,2016,24000
spam,my,2014,24000
openntp,bt,2015,24000
openntp,cu,2014,23800
openntp,mm,2014,23700
openssdp,af,2016,23600
openntp,gu,2015,23600
openntp,sr,2014,23500
opendns,nc,2015,23300
openntp,je,2016,23300
openntp,mc,2014,23300
spam,bw,2015,23300
openntp,vi,2016,23300
openntp,af,2016,22900
openntp,sn,2016,22900
openntp,re,2016,22900
opendns,sm,2016,22900
opendns,xy,2014,22900
opendns,iq,2014,22500
opendns,xk,2016,22400
openntp,mm,2016,22400
spam,ca,2014,22400
opendns,mg,2016,22100
opendns,si,2014,22000
opendns,bn,2016,22000
spam,by,2015,22000
openntp,ug,2016,21800
openntp,fo,2016,21700
openntp,ky,2016,21700
openntp,sy,2015,21700
openntp,ax,2016,21600
opendns,tt,2014,21600
spam,eg,2016,21600
spam,de,2013,21500
spam,sk,2016,21400
openntp,bw,2016,21400
openntp,cu,2015,21300
opendns,cw,2016,21300
openntp,ml,2015,21300
openntp,as,2014,21200
spam,tn,2014,21000
opendns,uz,2014,20800
opendns,bw,2016,20700
openssdp,mt,2016,20700
openssdp,bb,2016,20700
spam,no,2015,20700
opendns,ls,2015,20600
openntp,gl,2014,20500
spam,au,2014,20500
spam,sa,2013,20300
spam,il,2016,20300
opendns,mg,2015,20200
spam,tt,2016,20100
openntp,mw,2015,20000
spam,mn,2014,19900
opendns,gy,2016,19800
opendns,bj,2015,19700
openntp,li,2016,19600
spam,pl,2013,19600
opendns,sc,2016,19600
opendns,cw,2015,19500
opendns,gd,2016,19400
spam,ke,2016,19300
openssdp,gd,2016,19300
opendns,cy,2014,19200
opendns,gi,2016,19200
spam,hu,2014,19100
openntp,im,2015,19100
openntp,lr,2014,18900
openntp,gl,2015,18800
spam,ec,2013,18700
spam,mz,2015,18500
spam,lv,2015,18400
openntp,mq,2015,18400
openntp,sc,2015,18400
openntp,na,2016,18400
openntp,ci,2015,18100
opendns,je,2015,18000
opendns,nc,2016,17900
spam,sk,2015,17700
spam,md,2015,17500
opendns,gd,2015,17500
spam,mk,2016,17200
spam,rs,2014,17100
spam,ph,2014,17100
spam,sg,2014,17000
opendns,ug,2016,16900
spam,sg,2016,16900
opendns,ky,2016,16900
spam,rs,2013,16800
opendns,gg,2015,16700
spam,my,2016,16700
opendns,bj,2016,16600
opendns,fo,2016,16600
spam,gb,2013,16600
spam,cz,2014,16600
openntp,kn,2014,16500
openntp,nc,2015,16500
opendns,tj,2016,16500
opendns,bh,2014,16400
opendns,sc,2015,16400
spam,ec,2014,16400
opendns,sn,2014,16400
opendns,ky,2015,16300
opendns,pf,2015,16200
opendns,re,2016,16100
openntp,tm,2015,16000
openntp,bn,2016,15900
openntp,pf,2014,15800
spam,kz,2016,15800
openntp,mg,2016,15800
opendns,gp,2015,15800
openssdp,py,2016,15500
spam,no,2016,15500
openssdp,sn,2016,15400
openssdp,gh,2016,15400
opendns,ls,2016,15300
opendns,li,2015,15200
opendns,bm,2015,15100
openntp,vg,2015,15100
opendns,bb,2014,15000
openssdp,dm,2016,14900
spam,bg,2013,14900
opendns,rw,2015,14900
opendns,gi,2014,14800
openntp,mq,2014,14700
openssdp,qa,2016,14600
opendns,la,2014,14600
openntp,im,2014,14500
spam,ie,2014,14300
opendns,lu,2014,14300
spam,gr,2015,14200
spam,tr,2013,14200
spam,mn,2016,14100
opendns,bm,2016,14100
openntp,sr,2015,14100
spam,ve,2014,14000
openntp,mw,2014,14000
spam,iq,2016,13900
spam,lt,2015,13900
openntp,tj,2016,13900
spam,hn,2015,13900
spam,se,2016,13900
openntp,tm,2014,13800
spam,pk,2013,13700
opendns,gp,2016,13700
openntp,ag,2016,13600
opendns,je,2016,13500
spam,hn,2016,13500
opendns,zm,2016,13500
openntp,bj,2014,13400
openntp,re,2014,13400
openntp,tj,2015,13300
spam,ca,2013,13300
openssdp,bm,2016,13300
spam,gr,2014,13300
opendns,mz,2014,13200
spam,au,2016,13200
opendns,gg,2016,13200
openntp,vu,2014,13200
spam,do,2016,13200
spam,uy,2014,13100
openntp,mw,2016,13100
spam,ci,2016,12900
spam,ae,2014,12800
openntp,gp,2015,12700
spam,lb,2016,12600
openntp,vc,2014,12600
openntp,gy,2015,12600
opendns,ag,2016,12400
openntp,tc,2015,12300
spam,hk,2013,12100
spam,by,2016,12000
opendns,sd,2014,12000
spam,pt,2013,12000
spam,ma,2014,12000
openntp,xk,2014,11900
opendns,cd,2016,11800
opendns,cd,2015,11800
openntp,ml,2016,11600
spam,kg,2014,11600
opendns,is,2014,11500
openntp,ly,2016,11500
openssdp,xk,2016,11500
openntp,gg,2014,11500
opendns,bt,2015,11500
spam,il,2013,11500
spam,pt,2016,11500
spam,cz,2016,11400
openssdp,la,2016,11400
openntp,bt,2016,11400
openntp,mq,2016,11400
spam,gh,2016,11300
opendns,cm,2014,11300
spam,kh,2015,11200
openntp,kn,2015,11100
spam,kh,2016,11000
spam,az,2014,11000
spam,tz,2015,11000
opendns,sz,2015,11000
openntp,gp,2014,10900
openssdp,ye,2016,10900
openssdp,lu,2016,10800
openssdp,ag,2016,10800
openntp,as,2015,10800
opendns,qa,2014,10700
openntp,fm,2014,10700
spam,ve,2013,10700
openssdp,gp,2016,10700
openntp,tg,2014,10700
opendns,bt,2016,10600
openntp,gd,2014,10600
openntp,gq,2015,10600
spam,fr,2013,10600
opendns,mw,2015,10500
opendns,ke,2014,10500
spam,am,2015,10500
spam,at,2014,10500
openntp,vu,2016,10400
openntp,tc,2014,10400
openntp,gl,2016,10400
openntp,mv,2016,10300
opendns,im,2015,10200
spam,uy,2016,10200
spam,bo,2013,10200
spam,sg,2013,10100
openntp,mv,2015,10100
openntp,gi,2016,10100
opendns,pg,2015,10100
opendns,li,2016,10100
openntp,tg,2015,10000
opendns,rw,2016,9900
spam,at,2016,9900
spam,ge,2015,9800
openntp,gg,2015,9800
opendns,fj,2014,9800
openntp,ci,2016,9800
spam,ke,2015,9700
spam,ch,2016,9700
openntp,ws,2014,9700
opendns,pf,2016,9700
spam,kw,2016,9600
openntp,gy,2014,9600
openntp,gq,2014,9500
spam,jo,2016,9400
spam,ch,2014,9400
spam,za,2014,9400
openntp,gi,2015,9300
openntp,gu,2016,9300
spam,mk,2013,9200
openntp,gp,2016,9200
spam,my,2013,9200
openssdp,lc,2016,9200
spam,pa,2015,9200
spam,be,2014,9100
spam,si,2015,9100
openntp,cd,2014,9000
openssdp,zm,2016,9000
opendns,mq,2015,9000
opendns,vg,2014,8900
openntp,fm,2015,8900
openntp,mc,2015,8900
opendns,gm,2015,8900
openntp,gd,2015,8800
openssdp,gu,2016,8800
spam,ae,2015,8800
spam,lu,2015,8700
openssdp,mn,2016,8700
opendns,so,2015,8600
opendns,ng,2014,8600
spam,am,2014,8500
spam,se,2014,8500
opendns,gm,2016,8500
opendns,cg,2015,8500
openntp,xk,2015,8500
spam,uy,2015,8400
opendns,bi,2015,8400
spam,mk,2014,8400
spam,ps,2016,8300
opendns,dm,2016,8300
openssdp,mz,2016,8300
opendns,im,2016,8300
openntp,sy,2016,8300
opendns,dm,2015,8200
spam,bw,2016,8200
spam,jm,2015,8200
openssdp,re,2016,8200
openntp,cu,2016,8100
spam,gr,2016,8100
openntp,bj,2015,8100
spam,cr,2015,8100
opendns,zw,2014,8000
spam,ng,2016,8000
spam,gt,2015,8000
opendns,pg,2016,8000
openntp,sz,2014,8000
spam,sd,2013,8000
opendns,tz,2014,7900
openntp,lc,2014,7900
openntp,sr,2016,7900
openntp,vg,2016,7800
spam,et,2016,7700
openntp,im,2016,7700
opendns,mq,2016,7700
openntp,gm,2016,7700
spam,uz,2015,7700
openntp,mh,2016,7700
openntp,sz,2015,7700
spam,ma,2015,7600
openntp,ad,2014,7500
opendns,vi,2015,7500
openntp,sc,2016,7500
openntp,tg,2016,7500
openntp,vc,2015,7400
openssdp,ge,2016,7400
openntp,ga,2014,7400
openntp,gf,2015,7300
spam,al,2014,7300
openntp,sx,2015,7200
opendns,lc,2015,7200
opendns,mo,2014,7200
spam,pr,2015,7100
opendns,mw,2016,7100
spam,az,2013,7100
openntp,ga,2015,7100
openntp,lr,2015,7000
opendns,bq,2015,7000
spam,ma,2013,7000
openssdp,mp,2016,6900
openntp,tm,2016,6800
openssdp,je,2016,6800
openntp,nc,2016,6800
spam,zm,2016,6800
spam,tz,2016,6700
spam,za,2013,6700
spam,gr,2013,6700
opendns,af,2014,6700
openssdp,is,2016,6600
spam,lt,2016,6600
spam,ht,2015,6600
spam,tn,2015,6500
opendns,bw,2014,6500
opendns,sb,2015,6500
spam,pk,2014,6400
openntp,cg,2014,6400
openntp,gf,2016,6400
spam,dz,2014,6400
spam,ao,2013,6400
opendns,na,2016,6400
openssdp,gg,2016,6300
openssdp,na,2016,6300
openntp,tc,2016,6300
openntp,bf,2014,6200
openntp,pf,2015,6200
openntp,gy,2016,6200
openntp,sx,2014,6200
opendns,sz,2016,6200
opendns,mr,2014,6100
opendns,mv,2014,6100
spam,dz,2016,6100
opendns,na,2015,6000
spam,mg,2015,6000
openntp,sm,2015,6000
openntp,gq,2016,6000
opendns,lc,2016,5900
spam,ly,2014,5900
spam,ee,2015,5900
spam,cm,2015,5900
spam,cm,2016,5900
openssdp,mf,2016,5800
openntp,ad,2015,5800
openntp,sb,2014,5700
openntp,cv,2016,5700
spam,sn,2016,5700
opendns,mc,2015,5700
spam,nz,2015,5700
openntp,ws,2015,5600
spam,nz,2014,5600
openntp,mv,2014,5600
spam,bo,2014,5500
spam,gt,2016,5500
opendns,gf,2015,5500
openntp,sm,2014,5500
spam,cr,2016,5500
opendns,bq,2014,5500
spam,kw,2014,5400
spam,bd,2013,5400
openntp,cv,2015,5400
opendns,cg,2016,5400
opendns,me,2014,5400
opendns,bf,2014,5400
openssdp,ng,2016,5400
spam,lt,2014,5300
openntp,ai,2014,5300
spam,kw,2013,5200
spam,sr,2015,5200
spam,ly,2013,5200
opendns,ao,2014,5200
openntp,ls,2015,5200
spam,do,2013,5200
openntp,gg,2016,5100
opendns,mt,2014,5100
spam,iq,2014,5100
spam,hr,2016,5000
spam,pa,2014,5000
opendns,so,2016,5000
openntp,dj,2015,5000
openssdp,aw,2016,5000
spam,dk,2014,5000
openntp,cd,2015,5000
spam,bd,2014,5000
openntp,sx,2016,5000
spam,kg,2015,5000
spam,iq,2013,4900
spam,tn,2013,4900
spam,ie,2016,4900
openssdp,fm,2016,4900
spam,md,2014,4900
openntp,as,2016,4800
opendns,ne,2015,4800
spam,kw,2015,4800
opendns,ne,2016,4800
spam,ao,2016,4800
openssdp,ci,2016,4700
openntp,cg,2015,4700
spam,am,2013,4700
spam,pa,2016,4700
opendns,mc,2016,4700
spam,np,2016,4700
openssdp,tj,2016,4700
openntp,lr,2016,4700
openssdp,bj,2016,4700
spam,qa,2016,4700
openntp,lc,2015,4700
openntp,to,2014,4700
openntp,mc,2016,4600
openssdp,bn,2016,4500
openntp,ne,2015,4500
opendns,xk,2014,4500
spam,jo,2014,4500
openntp,gd,2016,4500
spam,hr,2014,4500
spam,tj,2015,4500
openntp,bj,2016,4500
spam,sd,2016,4500
openntp,sm,2016,4500
opendns,ht,2015,4400
openntp,mr,2015,4400
spam,uy,2013,4400
opendns,vi,2016,4400
opendns,re,2014,4400
opendns,vc,2014,4400
openntp,bq,2015,4400
opendns,fo,2014,4300
openntp,dj,2016,4300
spam,az,2015,4300
opendns,st,2015,4300
openntp,vc,2016,4300
openntp,kn,2016,4300
spam,si,2014,4200
spam,uz,2014,4200
spam,al,2013,4200
spam,mk,2015,4200
openntp,bq,2014,4200
spam,ae,2013,4200
opendns,mm,2015,4100
openntp,sz,2016,4100
spam,hr,2015,4100
opendns,sr,2015,4100
spam,au,2013,4100
opendns,gf,2016,4100
openntp,mf,2014,4000
spam,gh,2013,4000
opendns,ml,2015,4000
openntp,bf,2015,3900
spam,do,2014,3900
opendns,mf,2015,3900
spam,ag,2015,3900
opendns,mn,2014,3900
openntp,bi,2015,3900
openssdp,et,2016,3900
opendns,ai,2015,3900
spam,lk,2016,3900
openssdp,cm,2016,3800
spam,sk,2014,3800
openntp,ga,2016,3800
opendns,ck,2015,3700
opendns,cu,2014,3700
opendns,ai,2016,3700
spam,ge,2014,3700
spam,me,2016,3700
opendns,st,2016,3700
opendns,bi,2016,3700
opendns,ml,2016,3700
opendns,ad,2016,3700
opendns,cv,2015,3600
openntp,ws,2016,3600
openntp,cd,2016,3600
opendns,mm,2016,3600
spam,ma,2016,3600
opendns,bn,2014,3600
openntp,lc,2016,3600
spam,ba,2016,3600
spam,xy,2016,3600
opendns,kn,2014,3500
spam,,2015,3500
spam,rw,2016,3500
spam,mw,2015,3400
opendns,lr,2015,3400
openntp,ye,2014,3400
openntp,sb,2016,3400
spam,mn,2015,3300
spam,ly,2016,3300
spam,md,2016,3300
opendns,km,2016,3300
openssdp,,2016,3300
spam,be,2016,3300
opendns,gn,2015,3300
opendns,jm,2014,3300
openntp,mf,2015,3300
spam,lk,2014,3300
openssdp,ls,2016,3300
openssdp,sm,2016,3300
openntp,xk,2016,3300
openntp,ye,2015,3300
openssdp,ga,2016,3300
spam,kg,2013,3300
opendns,aw,2015,3200
openntp,gf,2014,3200
opendns,dj,2015,3200
openntp,dm,2015,3200
opendns,mh,2016,3200
openntp,ai,2015,3200
spam,ao,2014,3100
openntp,sb,2015,3100
spam,mn,2013,3100
opendns,ga,2014,3100
opendns,km,2015,3100
openntp,bi,2014,3100
spam,sv,2016,3100
spam,lb,2014,3100
opendns,ad,2015,3100
spam,rw,2013,3100
openntp,gm,2015,3100
opendns,ci,2014,3000
opendns,tj,2014,3000
spam,bh,2016,3000
spam,ug,2016,3000
openssdp,tc,2016,3000
opendns,sx,2015,3000
spam,hn,2014,3000
spam,qa,2015,3000
spam,ie,2013,2900
opendns,sx,2016,2900
opendns,bm,2014,2900
spam,lk,2013,2900
openntp,fm,2016,2900
spam,tg,2016,2900
spam,dz,2015,2900
openntp,et,2015,2900
openntp,mp,2015,2900
openntp,nr,2015,2900
spam,sy,2016,2900
spam,cz,2013,2900
opendns,je,2014,2900
opendns,ax,2015,2900
spam,kh,2013,2900
openntp,ck,2014,2900
openntp,ne,2014,2800
spam,ng,2013,2800
openssdp,li,2016,2800
openntp,cf,2014,2800
openntp,bi,2016,2800
spam,lv,2014,2700
spam,lb,2013,2700
openssdp,sc,2016,2700
spam,cy,2015,2700
spam,sv,2015,2700
openntp,mr,2016,2700
openntp,cg,2016,2700
spam,ps,2015,2700
spam,re,2016,2700
spam,mu,2016,2600
spam,gt,2014,2600
spam,sd,2014,2600
opendns,sm,2014,2600
spam,eg,2014,2600
spam,ly,2015,2600
spam,,2016,2500
opendns,pf,2014,2500
opendns,ht,2016,2500
opendns,sr,2016,2500
openntp,dm,2014,2500
openntp,gn,2015,2500
openntp,to,2015,2500
openssdp,sx,2016,2500
spam,pr,2014,2500
opendns,gq,2015,2400
spam,ge,2013,2400
spam,dz,2013,2400
opendns,bq,2016,2400
openntp,ls,2014,2400
opendns,cv,2016,2400
opendns,gn,2016,2400
spam,et,2014,2400
opendns,lr,2016,2400
opendns,ax,2016,2400
spam,ke,2013,2400
spam,zw,2016,2400
spam,py,2015,2400
opendns,fm,2015,2300
opendns,ls,2014,2300
opendns,vi,2014,2300
openssdp,bw,2016,2300
opendns,gm,2014,2300
openntp,st,2014,2300
spam,si,2016,2300
opendns,gp,2014,2300
openntp,nr,2014,2200
opendns,mp,2014,2200
opendns,to,2015,2200
opendns,aw,2016,2200
opendns,gd,2014,2200
opendns,ck,2016,2200
opendns,sl,2016,2200
spam,fi,2015,2200
opendns,ag,2014,2200
opendns,zm,2014,2200
openntp,mp,2014,2200
openntp,io,2015,2200
opendns,sb,2016,2100
spam,cy,2016,2100
opendns,vu,2015,2100
spam,lt,2013,2100
opendns,sl,2015,2100
opendns,bs,2014,2100
opendns,ky,2014,2100
spam,ps,2014,2100
openntp,dj,2014,2000
openssdp,bt,2016,2000
spam,no,2014,2000
spam,sk,2013,2000
spam,ci,2015,2000
spam,lb,2015,2000
opendns,sc,2014,2000
opendns,ug,2014,2000
openssdp,sz,2016,2000
opendns,td,2016,2000
spam,ga,2016,2000
spam,cr,2014,2000
spam,tg,2015,1900
opendns,im,2014,1900
opendns,tl,2015,1900
openntp,ck,2015,1900
openssdp,mw,2016,1900
opendns,gq,2016,1900
openntp,so,2016,1900
openntp,ls,2016,1900
spam,bh,2015,1900
spam,tt,2014,1900
spam,ba,2015,1900
openssdp,ax,2016,1800
spam,ps,2013,1800
spam,hu,2013,1800
openntp,km,2014,1800
spam,im,2016,1800
openssdp,mq,2016,1800
spam,nc,2015,1800
spam,nz,2013,1800
openntp,ad,2016,1800
spam,vi,2015,1800
spam,sc,2015,1800
spam,mz,2016,1800
spam,jo,2015,1800
spam,mr,2016,1800
openntp,bf,2016,1700
openssdp,fj,2016,1700
openntp,mf,2016,1700
spam,lu,2016,1700
spam,kh,2014,1700
opendns,gl,2015,1700
spam,py,2014,1700
openssdp,bz,2016,1700
opendns,mw,2014,1700
openntp,io,2014,1700
openntp,pm,2015,1700
spam,tt,2015,1700
openntp,gn,2014,1700
spam,lv,2016,1700
spam,jo,2013,1700
spam,pa,2013,1700
openntp,er,2016,1700
spam,dk,2016,1700
opendns,to,2016,1700
opendns,li,2014,1700
openntp,ck,2016,1700
openntp,sl,2014,1600
spam,,2014,1600
openntp,sl,2016,1600
spam,mu,2013,1600
opendns,mg,2014,1600
spam,ni,2016,1600
opendns,na,2014,1600
spam,mm,2016,1600
opendns,pg,2014,1600
spam,bj,2016,1600
spam,am,2016,1600
opendns,et,2016,1600
opendns,mf,2016,1600
spam,mu,2014,1600
openntp,sl,2015,1600
spam,do,2015,1600
spam,cw,2015,1600
openntp,ai,2016,1600
spam,sv,2014,1600
spam,bm,2015,1600
spam,ba,2013,1500
opendns,tm,2015,1500
openntp,so,2015,1500
spam,gh,2015,1500
spam,nz,2016,1500
spam,so,2016,1500
openssdp,sb,2016,1500
openntp,dm,2016,1500
spam,mo,2014,1500
spam,sd,2015,1500
spam,cm,2014,1500
spam,cd,2016,1500
spam,fj,2016,1500
openntp,pm,2014,1500
openntp,yt,2016,1500
openssdp,zw,2016,1500
opendns,gf,2014,1500
spam,bw,2014,1500
openntp,kp,2014,1400
spam,me,2015,1400
openntp,gm,2014,1400
openssdp,ms,2016,1400
opendns,fm,2016,1400
spam,cy,2014,1400
opendns,gl,2016,1400
openntp,ne,2016,1400
spam,na,2013,1400
openntp,ye,2016,1400
spam,lv,2013,1400
spam,hr,2013,1400
spam,me,2014,1400
spam,ba,2014,1400
opendns,fk,2015,1400
spam,zw,2014,1300
spam,at,2013,1300
opendns,mp,2015,1300
openssdp,ug,2016,1300
opendns,io,2015,1300
opendns,tl,2016,1300
opendns,vu,2016,1300
spam,ht,2016,1300
spam,se,2013,1300
opendns,dm,2014,1300
openntp,er,2015,1300
openntp,sj,2015,1300
opendns,gg,2014,1300
openntp,sj,2016,1300
spam,ug,2014,1300
spam,bs,2014,1300
openntp,mp,2016,1200
spam,mt,2014,1200
spam,be,2013,1200
spam,bz,2015,1200
spam,tz,2013,1200
spam,mo,2015,1200
openntp,io,2016,1200
openntp,fk,2014,1200
opendns,ki,2015,1200
openntp,so,2014,1200
spam,cm,2013,1200
spam,ni,2014,1200
openssdp,tz,2016,1200
openssdp,im,2016,1100
openssdp,mr,2016,1100
spam,uz,2013,1100
spam,ga,2013,1100
spam,jm,2016,1100
spam,lk,2015,1100
opendns,rw,2014,1100
spam,la,2015,1100
spam,ml,2016,1100
spam,zw,2013,1100
spam,je,2015,1100
spam,md,2013,1100
spam,is,2015,1100
openntp,va,2014,1100
openntp,wf,2014,1100
spam,bq,2016,1100
openntp,fk,2015,1100
openntp,km,2015,1100
spam,ao,2015,1100
openssdp,vg,2016,1100
openntp,yt,2015,1100
spam,ee,2014,1100
openntp,km,2016,1100
opendns,tc,2015,1100
openntp,td,2016,1100
spam,ni,2015,1100
spam,me,2013,1100
spam,fi,2014,1000
spam,mo,2013,1000
spam,cr,2013,1000
spam,mu,2015,1000
spam,dk,2013,1000
opendns,as,2015,1000
opendns,lc,2014,1000
opendns,kp,2015,1000
spam,ht,2014,1000
spam,et,2013,1000
opendns,kp,2014,1000
opendns,ws,2016,1000
openntp,et,2014,1000
opendns,gy,2014,1000
spam,zw,2015,1000
opendns,cd,2014,1000
spam,mw,2016,1000
openntp,pf,2016,1000
spam,ug,2015,1000
opendns,ck,2014,1000
opendns,fk,2016,1000
spam,la,2016,1000
opendns,sz,2014,1000
opendns,td,2015,900
opendns,ss,2015,900
openssdp,gi,2016,900
openssdp,gf,2016,900
spam,ge,2016,900
spam,ch,2013,900
spam,af,2013,900
spam,mv,2016,900
spam,tl,2013,900
spam,ht,2013,900
openntp,bq,2016,900
openntp,gn,2016,900
spam,sr,2014,900
spam,no,2013,900
openssdp,pf,2016,900
spam,kn,2015,900
opendns,yt,2015,900
openntp,ss,2015,900
opendns,va,2015,900
openntp,wf,2016,900
openssdp,tg,2016,900
spam,py,2016,900
openssdp,ml,2016,900
openssdp,ne,2016,900
spam,np,2015,800
spam,pr,2013,800
spam,py,2013,800
spam,hn,2013,800
spam,eg,2013,800
spam,bs,2013,800
spam,ci,2014,800
spam,lu,2014,800
openssdp,ht,2016,800
spam,mm,2014,800
openssdp,gm,2016,800
spam,na,2014,800
spam,nc,2014,800
openntp,pm,2016,800
spam,gp,2015,800
openntp,pw,2014,800
opendns,va,2016,800
opendns,tm,2016,800
opendns,kp,2016,800
spam,om,2016,800
spam,gq,2016,700
openssdp,gy,2016,700
spam,tj,2014,700
spam,af,2016,700
spam,zm,2013,700
openntp,to,2016,700
opendns,ki,2016,700
spam,ee,2016,700
spam,aw,2014,700
spam,ml,2014,700
openntp,st,2016,700
spam,qa,2014,700
spam,cd,2013,700
spam,rw,2015,700
spam,bn,2016,700
opendns,tc,2016,700
openntp,ms,2016,700
spam,gn,2014,700
opendns,mf,2014,700
openssdp,rw,2016,700
opendns,sb,2014,700
spam,na,2015,700
opendns,bt,2014,700
spam,is,2014,700
spam,jm,2014,700
spam,ke,2014,700
spam,mm,2015,700
opendns,km,2014,700
spam,ne,2016,700
spam,la,2014,700
spam,li,2014,700
openssdp,mc,2016,600
opendns,bj,2014,600
openssdp,gq,2016,600
spam,mp,2014,600
spam,mz,2014,600
spam,gt,2013,600
opendns,mq,2014,600
spam,mt,2016,600
spam,sn,2013,600
spam,kg,2016,600
spam,gm,2016,600
spam,,2013,600
opendns,nr,2015,600
opendns,pm,2015,600
spam,bt,2014,600
opendns,ws,2015,600
spam,az,2016,600
spam,ls,2014,600
spam,ad,2015,600
opendns,bl,2016,600
spam,cg,2015,600
openssdp,bf,2016,600
opendns,io,2016,600
spam,tm,2015,600
openssdp,bs,2016,600
opendns,mp,2016,600
spam,sn,2015,600
openssdp,cd,2016,600
openntp,wf,2015,600
spam,dm,2015,600
openntp,cv,2014,600
openntp,er,2014,600
spam,cv,2013,500
openntp,ss,2016,500
openntp,et,2016,500
spam,sn,2014,500
openssdp,cv,2016,500
openssdp,fk,2016,500
spam,gu,2015,500
spam,ng,2014,500
openntp,ms,2014,500
spam,mc,2015,500
spam,mt,2015,500
spam,mv,2015,500
openssdp,pm,2016,500
openssdp,pw,2016,500
opendns,pw,2016,500
spam,ga,2014,500
spam,fj,2014,500
spam,cw,2014,500
spam,bi,2016,500
spam,bm,2014,500
spam,bs,2016,500
opendns,pw,2015,500
spam,cv,2016,500
opendns,gw,2015,500
spam,gn,2016,500
spam,ug,2013,500
spam,sv,2013,500
spam,mg,2016,500
spam,sr,2013,500
spam,si,2013,500
spam,nc,2016,500
opendns,mc,2014,500
spam,mz,2013,500
spam,lr,2013,500
spam,vi,2016,500
spam,xk,2014,500
spam,ag,2016,400
openntp,mr,2014,400
opendns,as,2016,400
opendns,aq,2016,400
openntp,fk,2016,400
spam,gp,2016,400
spam,xy,2013,400
spam,bs,2015,400
spam,ye,2016,400
openntp,pw,2015,400
spam,bn,2014,400
openntp,ss,2014,400
spam,ye,2013,400
spam,mg,2014,400
spam,ky,2014,400
spam,fi,2016,400
opendns,yt,2016,400
opendns,mh,2015,400
spam,cg,2013,400
spam,pg,2016,400
opendns,lr,2014,400
opendns,ai,2014,400
openssdp,st,2016,400
spam,jm,2013,400
opendns,ml,2014,400
spam,re,2015,400
openntp,yt,2014,400
opendns,ad,2014,400
spam,ml,2015,400
opendns,pm,2016,400
opendns,sx,2014,400
spam,tj,2013,400
opendns,cg,2014,400
spam,ga,2015,400
opendns,tg,2014,400
openntp,ms,2015,400
spam,tt,2013,400
opendns,vu,2014,400
opendns,yt,2014,400
spam,mr,2013,400
spam,vc,2015,400
spam,fi,2013,400
spam,cg,2014,400
opendns,gq,2014,400
opendns,bl,2015,300
opendns,er,2015,300
spam,bh,2013,300
spam,vc,2014,300
spam,na,2016,300
spam,gh,2014,300
openssdp,ai,2016,300
spam,tz,2014,300
opendns,bi,2014,300
spam,sl,2013,300
spam,bf,2016,300
opendns,gn,2014,300
spam,mr,2015,300
opendns,ne,2014,300
opendns,ax,2014,300
opendns,sr,2014,300
opendns,dj,2014,300
openntp,st,2015,300
opendns,st,2014,300
openntp,ki,2016,300
opendns,cv,2014,300
spam,bt,2016,300
spam,bi,2014,300
spam,bh,2014,300
spam,la,2013,300
opendns,ht,2014,300
spam,ki,2016,300
spam,tc,2014,300
openssdp,to,2016,300
spam,ye,2014,300
spam,nc,2013,300
spam,af,2014,300
opendns,cf,2015,300
spam,yt,2014,300
openntp,bl,2015,300
opendns,er,2016,300
opendns,to,2014,300
openntp,tv,2014,300
spam,ee,2013,300
spam,pg,2013,300
opendns,dj,2016,300
openntp,pw,2016,300
opendns,gw,2016,300
spam,li,2015,300
opendns,tc,2014,200
openntp,ki,2014,200
openssdp,mm,2016,200
spam,et,2015,200
openssdp,pg,2016,200
openssdp,cg,2016,200
openntp,td,2015,200
spam,lu,2013,200
opendns,tv,2016,200
openntp,va,2015,200
opendns,ss,2016,200
spam,gd,2014,200
spam,fo,2014,200
spam,mg,2013,200
openssdp,bi,2016,200
spam,dj,2014,200
spam,aw,2013,200
spam,ml,2013,200
spam,cv,2014,200
opendns,cf,2016,200
spam,sm,2014,200
spam,bi,2013,200
spam,bz,2014,200
spam,bn,2013,200
spam,xk,2016,200
spam,bm,2016,200
spam,so,2014,200
opendns,tv,2015,200
opendns,bl,2014,200
spam,bz,2016,200
spam,bt,2013,200
spam,bw,2013,200
spam,bz,2013,200
spam,bb,2014,200
opendns,nu,2015,200
spam,bn,2015,200
opendns,ms,2015,200
spam,dj,2016,200
spam,ag,2014,200
spam,cw,2013,200
spam,gd,2016,200
spam,gu,2016,200
opendns,td,2014,200
spam,lc,2014,200
openntp,va,2016,200
spam,ky,2016,200
spam,tg,2013,200
spam,td,2013,200
spam,lr,2016,200
spam,sy,2013,200
opendns,pw,2014,200
opendns,pm,2014,200
opendns,nr,2014,200
spam,vu,2016,200
openntp,tv,2016,200
spam,mo,2016,200
spam,gm,2013,200
openntp,nr,2016,200
spam,ky,2013,200
opendns,ki,2014,200
spam,pw,2016,200
spam,sc,2016,200
spam,sl,2016,200
spam,sm,2016,200
spam,mp,2013,200
openntp,nu,2015,200
spam,mw,2014,200
openssdp,gw,2016,200
spam,np,2014,200
openntp,nu,2014,200
spam,ky,2015,200
spam,lr,2014,200
openssdp,km,2016,200
opendns,cf,2014,100
spam,fj,2013,100
opendns,va,2014,100
spam,to,2013,100
spam,sc,2014,100
spam,is,2016,100
opendns,tm,2014,100
spam,tm,2013,100
openntp,bl,2016,100
openssdp,kp,2016,100
spam,sr,2016,100
spam,kn,2014,100
spam,sx,2015,100
spam,ss,2015,100
spam,rw,2014,100
spam,cv,2015,100
openntp,kp,2015,100
opendns,ms,2016,100
spam,ss,2016,100
spam,gm,2015,100
spam,aw,2015,100
opendns,fk,2014,100
spam,sz,2013,100
spam,mv,2014,100
opendns,nr,2016,100
spam,mr,2014,100
openntp,gw,2014,100
spam,st,2013,100
openssdp,mh,2016,100
spam,mq,2014,100
opendns,nu,2016,100
spam,ws,2016,100
spam,so,2013,100
openssdp,fo,2016,100
spam,gd,2015,100
spam,mp,2016,100
spam,gf,2014,100
spam,as,2015,100
spam,vi,2014,100
opendns,aw,2014,100
spam,gq,2013,100
spam,mm,2013,100
openssdp,gn,2016,100
spam,gu,2013,100
spam,gi,2014,100
spam,vg,2014,100
openntp,nu,2016,100
spam,gm,2014,100
spam,gy,2013,100
spam,re,2013,100
spam,ai,2015,100
openssdp,cf,2016,100
spam,gp,2014,100
spam,mc,2013,100
spam,mh,2013,100
spam,pg,2015,100
spam,gu,2014,100
spam,np,2013,100
spam,ki,2013,100
spam,ni,2013,100
opendns,et,2014,100
spam,af,2015,100
openssdp,lr,2016,100
spam,gn,2015,100
spam,ne,2013,100
opendns,io,2014,100
openssdp,so,2016,100
openntp,tv,2015,100
spam,pg,2014,100
openssdp,dj,2016,100
spam,sz,2016,100
spam,mq,2015,100
spam,sb,2016,100
spam,mc,2014,100
spam,li,2013,100
spam,mw,2013,100
spam,cu,2016,100
spam,uz,2016,100
spam,sx,2014,100
spam,mv,2013,100
spam,st,2014,100
spam,mt,2013,100
spam,as,2014,100
spam,va,2014,100
spam,ci,2013,100
spam,zm,2014,100
spam,bj,2015,100
spam,mp,2015,100
spam,va,2016,100
spam,bq,2015,100
spam,cg,2016,100
spam,gf,2015,100
spam,cf,2016,100
spam,bj,2014,100
spam,cy,2013,100
openntp,sj,2014,100
spam,ls,2013,100
opendns,wf,2015,100
spam,tm,2014,100
spam,bt,2015,100
spam,bm,2013,100
spam,to,2014,100
spam,cd,2014,100
spam,cf,2014,100
opendns,fm,2014,100
spam,gw,2016,100
spam,bf,2013,100
spam,xk,2015,100
spam,bb,2013,100
spam,cu,2014,100
spam,dm,2014,100
opendns,ws,2014,100
openssdp,vu,2016,100
